{
  "address": "http://192.168.56.103:8000",
  "logging": { 
    "version": 1,
    "disable_existing_loggers": false,
    "formatters": { 
      "standard": { 
        "format": "%(asctime)s %(levelname)-8s %(message)s"
      }
    },
    "handlers": { 
      "console": {
        "level": "DEBUG",
        "formatter": "standard",
        "class": "logging.StreamHandler",
        "stream": "ext://sys.stdout"
      },
      "rotation": { 
        "level": "DEBUG",
        "formatter": "standard",
        "filename": "scheduler.log",
        "class": "logging.handlers.RotatingFileHandler",
        "maxBytes": 20000000,
        "backupCount": 10
      }
    },
    "loggers": { 
      "": {
        "handlers": ["console", "rotation"],
        "level": "DEBUG"
      }
    }
  },
  "config": {
    "apscheduler.jobstores.default": {
        "type": "sqlalchemy",
        "url": "sqlite:///jobs.sqlite"
    },
    "apscheduler.executors.default": {
        "class": "apscheduler.executors.pool:ThreadPoolExecutor",
        "max_workers": "50"
    },
    "apscheduler.job_defaults.misfire_grace_time": "5",
    "apscheduler.job_defaults.coalesce": "true",
    "apscheduler.job_defaults.max_instances": "3"
  }
}