{
  "default": "default",
  "themes": {
    "dark": {
      "name": "Dark",
      "dashboard": {
        "color": [
          "#dd6b66",
          "#759aa0",
          "#e69d87",
          "#8dc1a9",
          "#ea7e53",
          "#eedd78",
          "#73a373",
          "#73b9bc",
          "#7289ab",
          "#91ca8c",
          "#f49f42"
        ],
        "legend": {
          "textStyle": {
            "color": "#fff"
          }
        }
      },
      "workflow": {
        "edges": {
          "font": {
            "size": 12,
            "strokeColor": "#1b1b1d",
            "color": "#fff"
          }
        },
        "nodes": {
          "shape": "box",
          "font": {
            "bold": {
              "color": "#0077aa"
            }
          }
        }
      }
    },
    "default": {
      "name": "Default",
      "dashboard": {
        "color": [
          "#c23531",
          "#2f4554",
          "#61a0a8",
          "#d48265",
          "#91c7ae",
          "#749f83",
          "#ca8622",
          "#bda29a",
          "#6e7074",
          "#546570",
          "#c4ccd3"
        ]
      },
      "workflow": {
        "edges": {
          "font": {
            "size": 12
          }
        },
        "nodes": {
          "shape": "box",
          "font": {
            "bold": {
              "color": "#0077aa"
            }
          }
        }
      }
    }
  }
}
